0,-0.445,0.26
0.003,-0.445,0.26
0.006,-0.445,0.26
0.008,-0.445,0.26
0.011,-0.445,0.26
0.014,-0.445,0.26
0.017,-0.445,0.26
0.019,-0.445,0.26
0.022,-0.45,0.26
0.025,-0.43,0.25
0.028,-0.435,0.25
0.031,-0.405,0.26
0.033,-0.385,0.27
0.036,-0.365,0.25
0.039,-0.355,0.255
0.042,-0.34,0.235
0.044,-0.325,0.235
0.047,-0.305,0.245
0.05,-0.285,0.265
0.053,-0.26,0.25
0.056,-0.245,0.235
0.058,-0.225,0.225
0.061,-0.24,0.215
0.064,-0.225,0.225
0.067,-0.21,0.23
0.069,-0.195,0.23
0.072,-0.19,0.22
0.075,-0.195,0.205
0.078,-0.205,0.205
0.081,-0.205,0.215
0.083,-0.2,0.215
0.086,-0.205,0.215
0.089,-0.21,0.2
0.092,-0.215,0.19
0.094,-0.235,0.19
0.097,-0.235,0.195
0.1,-0.22,0.2
0.103,-0.235,0.195
0.106,-0.24,0.195
0.108,-0.255,0.185
0.111,-0.28,0.18
0.114,-0.275,0.18
0.117,-0.265,0.195
0.119,-0.27,0.2
0.122,-0.27,0.19
0.125,-0.285,0.175
0.128,-0.305,0.17
0.131,-0.305,0.165
0.133,-0.295,0.185
0.136,-0.29,0.17
0.139,-0.3,0.19
0.142,-0.305,0.18
0.144,-0.315,0.175
0.147,-0.31,0.185
0.15,-0.315,0.2
0.153,-0.295,0.19
0.156,-0.3,0.17
0.158,-0.31,0.175
0.161,-0.315,0.17
0.164,-0.315,0.19
0.167,-0.32,0.195
0.169,-0.315,0.165
0.172,-0.305,0.175
0.175,-0.31,0.15
0.178,-0.33,0.155
0.181,-0.325,0.17
0.183,-0.33,0.18
0.186,-0.32,0.175
0.189,-0.32,0.16
0.192,-0.31,0.145
0.194,-0.325,0.14
0.197,-0.33,0.16
0.2,-0.33,0.175
0.203,-0.325,0.16
0.206,-0.325,0.155
0.208,-0.335,0.145
0.211,-0.335,0.15
0.214,-0.33,0.155
0.217,-0.32,0.17
0.219,-0.32,0.17
0.222,-0.335,0.155
0.225,-0.335,0.14
0.228,-0.345,0.14
0.231,-0.34,0.155
0.233,-0.325,0.16
0.236,-0.32,0.155
0.239,-0.325,0.14
0.242,-0.35,0.14
0.244,-0.36,0.135
0.247,-0.35,0.135
0.25,-0.325,0.155
0.253,-0.31,0.135
0.256,-0.325,0.145
0.258,-0.335,0.135
0.261,-0.34,0.14
0.264,-0.34,0.15
0.267,-0.33,0.15
0.269,-0.325,0.15
0.272,-0.335,0.14
0.275,-0.34,0.13
0.278,-0.345,0.13
0.281,-0.33,0.15
0.283,-0.335,0.155
0.286,-0.325,0.15
0.289,-0.325,0.145
0.292,-0.335,0.13
0.294,-0.34,0.135
0.297,-0.325,0.14
0.3,-0.325,0.145
0.303,-0.32,0.14
0.306,-0.325,0.14
0.308,-0.33,0.14
0.311,-0.345,0.135
0.314,-0.325,0.15
0.317,-0.325,0.17
0.319,-0.325,0.155
0.322,-0.32,0.15
0.325,-0.325,0.135
0.328,-0.33,0.14
0.331,-0.335,0.14
0.333,-0.305,0.175
0.336,-0.31,0.195
0.339,-0.295,0.21
0.342,-0.285,0.21
0.344,-0.29,0.215
0.347,-0.245,0.215
0.35,-0.23,0.225
0.353,-0.21,0.225
0.356,-0.23,0.22
0.358,-0.245,0.22
0.361,-0.245,0.205
0.364,-0.225,0.195
0.367,-0.19,0.185
0.369,-0.155,0.17
0.372,-0.145,0.16
0.375,-0.15,0.16
0.378,-0.155,0.17
0.381,-0.15,0.165
0.383,-0.14,0.18
0.386,-0.13,0.165
0.389,-0.12,0.145
0.392,-0.125,0.135
0.394,-0.14,0.135
0.397,-0.145,0.16
0.4,-0.15,0.165
0.403,-0.155,0.145
0.406,-0.15,0.14
0.408,-0.175,0.125
0.411,-0.2,0.125
0.414,-0.24,0.12
0.417,-0.28,0.12
0.419,-0.325,0.125
0.422,-0.36,0.11
0.425,-0.38,0.1
0.428,-0.39,0.095
0.431,-0.38,0.11
0.433,-0.38,0.125
0.436,-0.37,0.115
0.439,-0.38,0.1
0.442,-0.395,0.095
0.444,-0.415,0.09
0.447,-0.395,0.105
0.45,-0.395,0.105
0.453,-0.38,0.105
0.456,-0.37,0.105
0.458,-0.375,0.11
0.461,-0.39,0.11
0.464,-0.385,0.105
0.467,-0.38,0.125
0.469,-0.365,0.115
0.472,-0.375,0.11
0.475,-0.37,0.095
0.478,-0.4,0.095
0.481,-0.385,0.105
0.483,-0.37,0.11
0.486,-0.375,0.11
0.489,-0.37,0.085
0.492,-0.37,0.085
0.494,-0.36,0.06
0.497,-0.355,0.05
0.5,-0.355,0.06
0.503,-0.365,0.07
0.506,-0.37,0.055
0.508,-0.37,0.03
0.511,-0.355,0
0.514,-0.3,-0.025
0.517,-0.21,-0.07
0.519,-0.085,-0.13
0.522,0.05,-0.215
0.525,0.235,-0.31
0.528,0.4,-0.375
0.531,0.59,-0.425
0.533,0.775,-0.415
0.536,0.915,-0.395
0.539,1.025,-0.345
0.542,1.1,-0.305
0.544,1.16,-0.275
0.547,1.18,-0.245
0.55,1.09,-0.2
0.553,0.96,-0.165
0.556,0.825,-0.125
0.558,0.71,-0.095
0.561,0.575,-0.055
0.564,0.41,-0.005
0.567,0.255,0.04
0.569,0.145,0.04
0.572,0.095,0.065
0.575,0.005,0.085
0.578,-0.105,0.095
0.581,-0.195,0.125
0.583,-0.245,0.145
0.586,-0.285,0.14
0.589,-0.325,0.155
0.592,-0.375,0.165
0.594,-0.43,0.165
0.597,-0.47,0.195
0.6,-0.495,0.195
0.603,-0.505,0.18
0.606,-0.52,0.17
0.608,-0.55,0.16
0.611,-0.56,0.155
0.614,-0.55,0.17
0.617,-0.54,0.195
0.619,-0.52,0.195
0.622,-0.54,0.19
0.625,-0.54,0.18
0.628,-0.55,0.17
0.631,-0.545,0.175
0.633,-0.53,0.195
0.636,-0.515,0.2
0.639,-0.53,0.19
0.642,-0.53,0.185
0.644,-0.535,0.195
0.647,-0.545,0.2
0.65,-0.525,0.205
0.653,-0.515,0.21
0.656,-0.51,0.205
0.658,-0.525,0.2
0.661,-0.535,0.205
0.664,-0.52,0.205
0.667,-0.51,0.22
0.669,-0.505,0.225
0.672,-0.51,0.215
0.675,-0.525,0.19
0.678,-0.535,0.205
0.681,-0.535,0.205
0.683,-0.515,0.215
0.686,-0.51,0.215
0.689,-0.515,0.225
0.692,-0.52,0.22
0.694,-0.53,0.205
0.697,-0.545,0.22
0.7,-0.535,0.23
0.703,-0.525,0.225
0.706,-0.515,0.22
0.708,-0.53,0.225
0.711,-0.535,0.225
0.714,-0.53,0.25
0.717,-0.515,0.245
0.719,-0.52,0.25
0.722,-0.53,0.235
0.725,-0.525,0.22
0.728,-0.515,0.23
0.731,-0.52,0.24
0.733,-0.495,0.245
0.736,-0.48,0.255
0.739,-0.49,0.24
0.742,-0.485,0.24
0.744,-0.495,0.235
0.747,-0.47,0.25
0.75,-0.47,0.27
0.753,-0.45,0.265
0.756,-0.445,0.265
0.758,-0.43,0.25
0.761,-0.435,0.25
0.764,-0.42,0.26
0.767,-0.4,0.275
0.769,-0.375,0.25
0.772,-0.37,0.245
0.775,-0.36,0.26
0.778,-0.35,0.26
0.781,-0.33,0.27
0.783,-0.3,0.28
0.786,-0.26,0.265
0.789,-0.25,0.255
0.792,-0.24,0.24
0.794,-0.235,0.24
0.797,-0.23,0.235
0.8,-0.21,0.245
0.803,-0.205,0.24
0.806,-0.18,0.23
0.808,-0.175,0.215
0.811,-0.185,0.21
0.814,-0.17,0.215
0.817,-0.165,0.215
0.819,-0.16,0.215
0.822,-0.155,0.215
0.825,-0.17,0.185
0.828,-0.17,0.195
0.831,-0.175,0.205
0.833,-0.175,0.205
0.836,-0.185,0.195
0.839,-0.185,0.185
0.842,-0.195,0.175
0.844,-0.2,0.175
0.847,-0.215,0.18
0.85,-0.22,0.205
0.853,-0.215,0.185
0.856,-0.23,0.195
0.858,-0.265,0.175
0.861,-0.28,0.165
0.864,-0.265,0.17
0.867,-0.26,0.19
0.869,-0.265,0.185
0.872,-0.255,0.18
0.875,-0.28,0.175
0.878,-0.31,0.165
0.881,-0.305,0.19
0.883,-0.29,0.19
0.886,-0.285,0.185
0.889,-0.3,0.18
0.892,-0.285,0.18
0.894,-0.29,0.17
0.897,-0.29,0.185
0.9,-0.29,0.195
0.903,-0.295,0.175
0.906,-0.295,0.165
0.908,-0.31,0.16
0.911,-0.31,0.165
0.914,-0.31,0.17
0.917,-0.315,0.175
0.919,-0.315,0.185
0.922,-0.315,0.18
0.925,-0.325,0.17
0.928,-0.33,0.165
0.931,-0.325,0.16
0.933,-0.31,0.17
0.936,-0.315,0.165
0.939,-0.32,0.155
0.942,-0.325,0.14
0.944,-0.36,0.155
0.947,-0.335,0.165
0.95,-0.32,0.165
0.953,-0.31,0.16
0.956,-0.32,0.15
0.958,-0.32,0.145
0.961,-0.33,0.145
0.964,-0.33,0.145
0.967,-0.31,0.165
0.969,-0.29,0.155
0.972,-0.3,0.15
0.975,-0.325,0.13
0.978,-0.33,0.125
0.981,-0.345,0.13
0.983,-0.325,0.14
0.986,-0.32,0.145
0.989,-0.32,0.13
0.992,-0.31,0.145
0.994,-0.315,0.145
0.997,-0.32,0.155
1,-0.32,0.155
1.003,-0.29,-0.205
1.006,-0.295,-0.22
1.008,-0.29,-0.215
1.011,-0.305,-0.235
1.014,-0.31,-0.23
1.017,-0.31,-0.22
1.019,-0.29,-0.215
1.022,-0.29,-0.215
1.025,-0.3,-0.22
1.028,-0.295,-0.225
1.031,-0.305,-0.225
1.033,-0.3,-0.22
1.036,-0.295,-0.215
1.039,-0.29,-0.22
1.042,-0.29,-0.215
1.044,-0.295,-0.245
1.047,-0.3,-0.235
1.05,-0.285,-0.23
1.053,-0.28,-0.215
1.056,-0.285,-0.23
1.058,-0.275,-0.23
1.061,-0.305,-0.245
1.064,-0.295,-0.235
1.067,-0.29,-0.23
1.069,-0.285,-0.21
1.072,-0.28,-0.215
1.075,-0.285,-0.23
1.078,-0.3,-0.23
1.081,-0.305,-0.24
1.083,-0.305,-0.22
1.086,-0.29,-0.205
1.089,-0.29,-0.205
1.092,-0.28,-0.215
1.094,-0.285,-0.21
1.097,-0.285,-0.205
1.1,-0.275,-0.17
1.103,-0.27,-0.14
1.106,-0.26,-0.135
1.108,-0.26,-0.15
1.111,-0.255,-0.13
1.114,-0.255,-0.065
1.117,-0.23,0.125
1.119,-0.19,0.49
1.122,-0.155,0.79
1.125,-0.1,0.745
1.128,0.01,0.495
1.131,0.24,0.32
1.133,0.63,0.245
1.136,0.915,0.21
1.139,0.885,0.14
1.142,0.595,0.075
1.144,0.32,-0.01
1.147,0.2,-0.11
1.15,0.19,-0.21
1.153,0.21,-0.35
1.156,0.205,-0.515
1.158,0.21,-0.695
1.161,0.195,-0.885
1.164,0.19,-1.105
1.167,0.2,-1.27
1.169,0.225,-1.405
1.172,0.23,-1.53
1.175,0.22,-1.66
1.178,0.205,-1.815
1.181,0.185,-2.015
1.183,0.195,-2.225
1.186,0.18,-2.42
1.189,0.175,-2.57
1.192,0.155,-2.71
1.194,0.115,-2.83
1.197,0.07,-2.935
1.2,0.045,-3.025
1.203,0,-3.085
1.206,-0.04,-3.125
1.208,-0.105,-3.17
1.211,-0.155,-3.205
1.214,-0.215,-3.22
1.217,-0.28,-3.24
1.219,-0.35,-3.22
1.222,-0.405,-3.23
1.225,-0.45,-3.245
1.228,-0.44,-3.24
1.231,-0.39,-3.21
1.233,-0.33,-3.17
1.236,-0.285,-3.095
1.239,-0.28,-2.99
1.242,-0.305,-2.875
1.244,-0.325,-2.755
1.247,-0.365,-2.59
1.25,-0.36,-2.39
1.253,-0.35,-2.175
1.256,-0.335,-1.94
1.258,-0.31,-1.72
1.261,-0.29,-1.48
1.264,-0.29,-1.2
1.267,-0.29,-0.96
1.269,-0.31,-0.745
1.272,-0.32,-0.54
1.275,-0.335,-0.34
1.278,-0.34,-0.14
1.281,-0.345,0.03
1.283,-0.355,0.19
1.286,-0.335,0.355
1.289,-0.335,0.46
1.292,-0.335,0.55
1.294,-0.34,0.635
1.297,-0.345,0.675
1.3,-0.33,0.745
1.303,-0.32,0.795
1.306,-0.305,0.84
1.308,-0.3,0.885
1.311,-0.3,0.92
1.314,-0.3,0.96
1.317,-0.29,1.01
1.319,-0.285,1.05
1.322,-0.285,1.085
1.325,-0.28,1.11
1.328,-0.29,1.14
1.331,-0.28,1.185
1.333,-0.285,1.23
1.336,-0.265,1.275
1.339,-0.265,1.3
1.342,-0.27,1.32
1.344,-0.265,1.35
1.347,-0.27,1.4
1.35,-0.265,1.435
1.353,-0.25,1.49
1.356,-0.245,1.515
1.358,-0.245,1.55
1.361,-0.245,1.57
1.364,-0.25,1.625
1.367,-0.25,1.665
1.369,-0.225,1.7
1.372,-0.225,1.735
1.375,-0.23,1.76
1.378,-0.235,1.785
1.381,-0.245,1.83
1.383,-0.215,1.86
1.386,-0.21,1.9
1.389,-0.195,1.92
1.392,-0.2,1.925
1.394,-0.2,1.935
1.397,-0.205,1.96
1.4,-0.195,1.965
1.403,-0.17,1.985
1.406,-0.16,1.98
1.408,-0.165,1.96
1.411,-0.16,1.935
1.414,-0.165,1.925
1.417,-0.145,1.915
1.419,-0.135,1.895
1.422,-0.135,1.86
1.425,-0.135,1.81
1.428,-0.13,1.76
1.431,-0.135,1.725
1.433,-0.125,1.675
1.436,-0.12,1.63
1.439,-0.11,1.555
1.442,-0.125,1.49
1.444,-0.125,1.42
1.447,-0.135,1.35
1.45,-0.13,1.3
1.453,-0.125,1.235
1.456,-0.12,1.16
1.458,-0.125,1.065
1.461,-0.13,1
1.464,-0.14,0.93
1.467,-0.135,0.875
1.469,-0.135,0.83
1.472,-0.13,0.76
1.475,-0.135,0.69
1.478,-0.15,0.635
1.481,-0.16,0.575
1.483,-0.16,0.54
1.486,-0.145,0.495
1.489,-0.15,0.445
1.492,-0.155,0.4
1.494,-0.175,0.34
1.497,-0.19,0.295
1.5,-0.185,0.28
1.503,-0.185,0.245
1.506,-0.185,0.205
1.508,-0.19,0.17
1.511,-0.205,0.14
1.514,-0.205,0.115
1.517,-0.205,0.11
1.519,-0.2,0.095
1.522,-0.205,0.065
1.525,-0.21,0.045
1.528,-0.23,0.03
1.531,-0.22,0.025
1.533,-0.225,0.015
1.536,-0.215,0.02
1.539,-0.22,0.005
1.542,-0.22,-0.02
1.544,-0.23,-0.035
1.547,-0.225,-0.035
1.55,-0.22,-0.04
1.553,-0.225,-0.02
1.556,-0.23,-0.04
1.558,-0.23,-0.045
1.561,-0.235,-0.05
1.564,-0.24,-0.055
1.567,-0.225,-0.045
1.569,-0.225,-0.025
1.572,-0.225,-0.035
1.575,-0.22,-0.04
1.578,-0.225,-0.05
1.581,-0.235,-0.055
1.583,-0.225,-0.035
1.586,-0.22,-0.03
1.589,-0.21,-0.025
1.592,-0.215,-0.035
1.594,-0.23,-0.035
1.597,-0.235,-0.035
1.6,-0.225,-0.03
1.603,-0.21,-0.015
1.606,-0.21,-0.02
1.608,-0.22,-0.015
1.611,-0.22,-0.03
1.614,-0.23,-0.025
1.617,-0.225,-0.005
1.619,-0.215,0.005
1.622,-0.22,0
1.625,-0.215,-0.01
1.628,-0.23,-0.015
1.631,-0.23,-0.03
1.633,-0.22,-0.025
1.636,-0.21,-0.005
1.639,-0.215,0.005
1.642,-0.215,-0.02
1.644,-0.225,-0.035
1.647,-0.225,-0.035
1.65,-0.225,-0.03
1.653,-0.215,-0.025
1.656,-0.22,-0.03
1.658,-0.235,-0.04
1.661,-0.24,-0.055
1.664,-0.235,-0.06
1.667,-0.24,-0.05
1.669,-0.23,-0.045
1.672,-0.225,-0.05
1.675,-0.23,-0.07
1.678,-0.24,-0.085
1.681,-0.245,-0.085
1.683,-0.245,-0.085
1.686,-0.24,-0.075
1.689,-0.23,-0.095
1.692,-0.24,-0.11
1.694,-0.245,-0.125
1.697,-0.25,-0.115
1.7,-0.25,-0.115
1.703,-0.245,-0.115
1.706,-0.24,-0.13
1.708,-0.24,-0.145
1.711,-0.255,-0.15
1.714,-0.27,-0.145
1.717,-0.255,-0.15
1.719,-0.255,-0.135
1.722,-0.245,-0.155
1.725,-0.255,-0.165
1.728,-0.26,-0.175
1.731,-0.27,-0.18
1.733,-0.265,-0.175
1.736,-0.265,-0.165
1.739,-0.265,-0.17
1.742,-0.255,-0.19
1.744,-0.265,-0.185
1.747,-0.27,-0.195
1.75,-0.275,-0.19
1.753,-0.26,-0.185
1.756,-0.26,-0.18
1.758,-0.265,-0.2
1.761,-0.27,-0.215
1.764,-0.27,-0.215
1.767,-0.275,-0.205
1.769,-0.26,-0.21
1.772,-0.255,-0.215
1.775,-0.265,-0.215
1.778,-0.28,-0.23
1.781,-0.29,-0.215
1.783,-0.285,-0.215
1.786,-0.27,-0.21
1.789,-0.265,-0.205
1.792,-0.27,-0.22
1.794,-0.28,-0.23
1.797,-0.29,-0.235
1.8,-0.29,-0.215
1.803,-0.275,-0.215
1.806,-0.265,-0.225
1.808,-0.27,-0.23
1.811,-0.29,-0.235
1.814,-0.28,-0.235
1.817,-0.275,-0.235
1.819,-0.26,-0.23
1.822,-0.26,-0.22
1.825,-0.27,-0.24
1.828,-0.285,-0.24
1.831,-0.285,-0.245
1.833,-0.27,-0.245
1.836,-0.265,-0.23
1.839,-0.27,-0.23
1.842,-0.265,-0.24
1.844,-0.285,-0.25
1.847,-0.285,-0.245
1.85,-0.28,-0.235
1.853,-0.265,-0.225
1.856,-0.265,-0.235
1.858,-0.27,-0.245
1.861,-0.27,-0.26
1.864,-0.27,-0.26
1.867,-0.265,-0.235
1.869,-0.265,-0.24
1.872,-0.265,-0.24
1.875,-0.27,-0.255
1.878,-0.27,-0.255
1.881,-0.28,-0.245
1.883,-0.28,-0.245
1.886,-0.26,-0.23
1.889,-0.255,-0.23
1.892,-0.255,-0.235
1.894,-0.26,-0.255
1.897,-0.265,-0.235
1.9,-0.255,-0.225
1.903,-0.245,-0.205
1.906,-0.235,-0.205
1.908,-0.24,-0.185
1.911,-0.23,-0.125
1.914,-0.235,0.065
1.917,-0.195,0.445
1.919,-0.15,0.835
1.922,-0.12,0.89
1.925,-0.035,0.635
1.928,0.17,0.35
1.931,0.515,0.22
1.933,0.87,0.175
1.936,0.87,0.12
1.939,0.57,0.035
1.942,0.275,-0.05
1.944,0.155,-0.16
1.947,0.15,-0.3
1.95,0.175,-0.435
1.953,0.18,-0.61
1.956,0.175,-0.79
1.958,0.16,-1.015
1.961,0.16,-1.225
1.964,0.16,-1.38
1.967,0.17,-1.52
1.969,0.165,-1.625
1.972,0.155,-1.785
1.975,0.135,-1.98
1.978,0.115,-2.2
1.981,0.115,-2.4
1.983,0.12,-2.56
1.986,0.11,-2.67
1.989,0.09,-2.77
1.992,0.04,-2.885
1.994,0,-3.005
1.997,-0.06,-3.09
2,-0.11,-3.115
2.003,-0.245,0.135
2.006,-0.305,0.15
2.008,-0.365,0.165
2.011,-0.41,0.175
2.014,-0.45,0.205
2.017,-0.47,0.22
2.019,-0.49,0.22
2.022,-0.495,0.21
2.025,-0.535,0.185
2.028,-0.56,0.185
2.031,-0.57,0.19
2.033,-0.565,0.205
2.036,-0.555,0.205
2.039,-0.56,0.195
2.042,-0.565,0.17
2.044,-0.585,0.175
2.047,-0.57,0.2
2.05,-0.555,0.21
2.053,-0.55,0.205
2.056,-0.545,0.195
2.058,-0.555,0.19
2.061,-0.57,0.185
2.064,-0.56,0.21
2.067,-0.55,0.215
2.069,-0.545,0.2
2.072,-0.525,0.19
2.075,-0.53,0.195
2.078,-0.545,0.205
2.081,-0.535,0.21
2.083,-0.53,0.22
2.086,-0.53,0.205
2.089,-0.52,0.205
2.092,-0.525,0.19
2.094,-0.535,0.185
2.097,-0.535,0.21
2.1,-0.525,0.225
2.103,-0.535,0.215
2.106,-0.525,0.205
2.108,-0.53,0.195
2.111,-0.55,0.19
2.114,-0.535,0.2
2.117,-0.53,0.21
2.119,-0.52,0.215
2.122,-0.535,0.21
2.125,-0.545,0.205
2.128,-0.55,0.205
2.131,-0.54,0.205
2.133,-0.525,0.225
2.136,-0.525,0.21
2.139,-0.535,0.22
2.142,-0.54,0.195
2.144,-0.53,0.21
2.147,-0.52,0.23
2.15,-0.51,0.24
2.153,-0.5,0.235
2.156,-0.505,0.215
2.158,-0.515,0.21
2.161,-0.52,0.2
2.164,-0.51,0.22
2.167,-0.505,0.24
2.169,-0.495,0.25
2.172,-0.48,0.235
2.175,-0.475,0.22
2.178,-0.475,0.21
2.181,-0.455,0.225
2.183,-0.425,0.225
2.186,-0.4,0.225
2.189,-0.41,0.225
2.192,-0.405,0.215
2.194,-0.4,0.21
2.197,-0.385,0.22
2.2,-0.37,0.23
2.203,-0.345,0.225
2.206,-0.315,0.215
2.208,-0.31,0.21
2.211,-0.315,0.22
2.214,-0.29,0.225
2.217,-0.26,0.225
2.219,-0.25,0.22
2.222,-0.235,0.205
2.225,-0.23,0.21
2.228,-0.24,0.2
2.231,-0.225,0.2
2.233,-0.22,0.215
2.236,-0.205,0.2
2.239,-0.2,0.19
2.242,-0.18,0.185
2.244,-0.185,0.185
2.247,-0.18,0.17
2.25,-0.185,0.19
2.253,-0.17,0.18
2.256,-0.19,0.19
2.258,-0.21,0.185
2.261,-0.225,0.175
2.264,-0.23,0.175
2.267,-0.215,0.18
2.269,-0.215,0.18
2.272,-0.23,0.18
2.275,-0.25,0.18
2.278,-0.26,0.18
2.281,-0.27,0.185
2.283,-0.255,0.195
2.286,-0.255,0.195
2.289,-0.265,0.185
2.292,-0.275,0.165
2.294,-0.275,0.165
2.297,-0.28,0.17
2.3,-0.285,0.18
2.303,-0.27,0.19
2.306,-0.27,0.18
2.308,-0.295,0.17
2.311,-0.3,0.165
2.314,-0.31,0.16
2.317,-0.31,0.175
2.319,-0.295,0.165
2.322,-0.295,0.165
2.325,-0.295,0.145
2.328,-0.315,0.15
2.331,-0.315,0.16
2.333,-0.325,0.17
2.336,-0.315,0.17
2.339,-0.315,0.175
2.342,-0.315,0.15
2.344,-0.325,0.145
2.347,-0.335,0.155
2.35,-0.33,0.165
2.353,-0.33,0.145
2.356,-0.32,0.14
2.358,-0.32,0.135
2.361,-0.325,0.145
2.364,-0.325,0.14
2.367,-0.31,0.165
2.369,-0.31,0.155
2.372,-0.315,0.155
2.375,-0.305,0.135
2.378,-0.31,0.145
2.381,-0.32,0.13
2.383,-0.32,0.145
2.386,-0.32,0.145
2.389,-0.32,0.145
2.392,-0.32,0.135
2.394,-0.33,0.135
2.397,-0.32,0.135
2.4,-0.315,0.135
2.403,-0.305,0.125
2.406,-0.315,0.12
2.408,-0.315,0.12
2.411,-0.34,0.12
2.414,-0.335,0.125
2.417,-0.325,0.135
2.419,-0.315,0.14
2.422,-0.31,0.12
2.425,-0.33,0.125
2.428,-0.34,0.11
2.431,-0.32,0.14
2.433,-0.305,0.155
2.436,-0.295,0.145
2.439,-0.3,0.135
2.442,-0.315,0.14
2.444,-0.33,0.125
2.447,-0.33,0.125
2.45,-0.31,0.135
2.453,-0.295,0.145
2.456,-0.3,0.14
2.458,-0.32,0.125
2.461,-0.33,0.12
2.464,-0.325,0.13
2.467,-0.31,0.135
2.469,-0.295,0.14
2.472,-0.31,0.14
2.475,-0.32,0.135
2.478,-0.315,0.15
2.481,-0.295,0.165
2.483,-0.28,0.195
2.486,-0.265,0.205
2.489,-0.245,0.205
2.492,-0.245,0.2
2.494,-0.245,0.185
2.497,-0.24,0.195
2.5,-0.22,0.215
2.503,-0.215,0.21
2.506,-0.23,0.21
2.508,-0.21,0.18
2.511,-0.195,0.165
2.514,-0.18,0.16
2.517,-0.16,0.165
2.519,-0.135,0.165
2.522,-0.125,0.17
2.525,-0.13,0.15
2.528,-0.13,0.135
2.531,-0.12,0.135
2.533,-0.095,0.135
2.536,-0.105,0.135
2.539,-0.105,0.13
2.542,-0.13,0.125
2.544,-0.15,0.12
2.547,-0.14,0.115
2.55,-0.145,0.125
2.553,-0.17,0.115
2.556,-0.23,0.11
2.558,-0.28,0.095
2.561,-0.325,0.08
2.564,-0.34,0.095
2.567,-0.34,0.1
2.569,-0.335,0.095
2.572,-0.36,0.09
2.575,-0.365,0.075
2.578,-0.375,0.085
2.581,-0.37,0.085
2.583,-0.355,0.085
2.586,-0.34,0.08
2.589,-0.345,0.08
2.592,-0.35,0.07
2.594,-0.345,0.075
2.597,-0.35,0.085
2.6,-0.35,0.09
2.603,-0.33,0.08
2.606,-0.315,0.075
2.608,-0.325,0.06
2.611,-0.34,0.065
2.614,-0.33,0.075
2.617,-0.335,0.085
2.619,-0.315,0.08
2.622,-0.31,0.075
2.625,-0.31,0.055
2.628,-0.32,0.055
2.631,-0.315,0.04
2.633,-0.305,0.045
2.636,-0.305,0.025
2.639,-0.315,0.025
2.642,-0.325,0.035
2.644,-0.335,0.03
2.647,-0.33,0.03
2.65,-0.275,0
2.653,-0.165,-0.05
2.656,-0.01,-0.135
2.658,0.185,-0.22
2.661,0.355,-0.305
2.664,0.56,-0.37
2.667,0.77,-0.38
2.669,0.945,-0.355
2.672,1.05,-0.305
2.675,1.14,-0.27
2.678,1.18,-0.24
2.681,1.14,-0.24
2.683,1.035,-0.205
2.686,0.895,-0.165
2.689,0.77,-0.12
2.692,0.675,-0.115
2.694,0.57,-0.09
2.697,0.46,-0.05
2.7,0.31,0
2.703,0.17,0.01
2.706,0.065,0.015
2.708,-0.03,0.025
2.711,-0.11,0.055
2.714,-0.195,0.08
2.717,-0.27,0.1
2.719,-0.33,0.105
2.722,-0.365,0.115
2.725,-0.42,0.125
2.728,-0.485,0.145
2.731,-0.5,0.165
2.733,-0.51,0.18
2.736,-0.5,0.155
2.739,-0.505,0.14
2.742,-0.515,0.135
2.744,-0.535,0.12
2.747,-0.545,0.14
2.75,-0.54,0.155
2.753,-0.54,0.16
2.756,-0.54,0.15
2.758,-0.535,0.15
2.761,-0.52,0.155
2.764,-0.515,0.155
2.767,-0.515,0.155
2.769,-0.51,0.15
2.772,-0.51,0.145
2.775,-0.505,0.15
2.778,-0.5,0.155
2.781,-0.495,0.17
2.783,-0.49,0.155
2.786,-0.49,0.15
2.789,-0.495,0.145
2.792,-0.495,0.145
2.794,-0.485,0.155
2.797,-0.465,0.155
2.8,-0.47,0.15
2.803,-0.47,0.15
2.806,-0.475,0.14
2.808,-0.495,0.14
2.811,-0.49,0.14
2.814,-0.47,0.155
2.817,-0.47,0.16
2.819,-0.485,0.155
2.822,-0.48,0.14
2.825,-0.5,0.14
2.828,-0.485,0.145
2.831,-0.475,0.155
2.833,-0.485,0.15
2.836,-0.48,0.14
2.839,-0.49,0.145
2.842,-0.495,0.15
2.844,-0.505,0.155
2.847,-0.51,0.165
2.85,-0.475,0.165
2.853,-0.48,0.16
2.856,-0.485,0.145
2.858,-0.5,0.15
2.861,-0.495,0.15
2.864,-0.485,0.18
2.867,-0.475,0.165
2.869,-0.465,0.17
2.872,-0.47,0.155
2.875,-0.485,0.16
2.878,-0.465,0.16
2.881,-0.45,0.17
2.883,-0.425,0.165
2.886,-0.42,0.155
2.889,-0.4,0.15
2.892,-0.415,0.165
2.894,-0.395,0.17
2.897,-0.385,0.175
2.9,-0.38,0.175
2.903,-0.375,0.175
2.906,-0.37,0.16
2.908,-0.37,0.16
2.911,-0.345,0.155
2.914,-0.315,0.175
2.917,-0.285,0.18
2.919,-0.28,0.175
2.922,-0.255,0.16
2.925,-0.26,0.15
2.928,-0.235,0.15
2.931,-0.215,0.16
2.933,-0.195,0.155
2.936,-0.19,0.15
2.939,-0.18,0.135
2.942,-0.175,0.135
2.944,-0.165,0.145
2.947,-0.155,0.145
2.95,-0.14,0.14
2.953,-0.145,0.135
2.956,-0.15,0.115
2.958,-0.155,0.11
2.961,-0.175,0.135
2.964,-0.175,0.14
2.967,-0.16,0.12
2.969,-0.175,0.11
2.972,-0.2,0.1
2.975,-0.215,0.095
2.978,-0.22,0.1
2.981,-0.215,0.11
2.983,-0.225,0.115
2.986,-0.23,0.1
2.989,-0.23,0.1
2.992,-0.24,0.105
2.994,-0.235,0.11
2.997,-0.24,0.12
3,-0.245,0.1
3.003,-0.175,0.185
3.006,-0.175,0.19
3.008,-0.17,0.205
3.011,-0.17,0.185
3.014,-0.165,0.185
3.017,-0.165,0.17
3.019,-0.19,0.16
3.022,-0.19,0.175
3.025,-0.19,0.185
3.028,-0.175,0.18
3.031,-0.175,0.16
3.033,-0.19,0.155
3.036,-0.2,0.155
3.039,-0.19,0.155
3.042,-0.19,0.165
3.044,-0.195,0.175
3.047,-0.195,0.175
3.05,-0.205,0.155
3.053,-0.21,0.145
3.056,-0.195,0.155
3.058,-0.2,0.17
3.061,-0.18,0.155
3.064,-0.185,0.155
3.067,-0.19,0.145
3.069,-0.2,0.15
3.072,-0.2,0.155
3.075,-0.2,0.155
3.078,-0.185,0.15
3.081,-0.21,0.14
3.083,-0.21,0.135
3.086,-0.215,0.13
3.089,-0.21,0.14
3.092,-0.21,0.145
3.094,-0.21,0.15
3.097,-0.215,0.14
3.1,-0.21,0.125
3.103,-0.24,0.135
3.106,-0.23,0.145
3.108,-0.215,0.155
3.111,-0.215,0.16
3.114,-0.22,0.145
3.117,-0.23,0.14
3.119,-0.24,0.125
3.122,-0.24,0.14
3.125,-0.24,0.14
3.128,-0.225,0.14
3.131,-0.225,0.135
3.133,-0.24,0.125
3.136,-0.245,0.115
3.139,-0.245,0.135
3.142,-0.245,0.14
3.144,-0.24,0.12
3.147,-0.24,0.12
3.15,-0.255,0.115
3.153,-0.255,0.12
3.156,-0.255,0.125
3.158,-0.25,0.12
3.161,-0.24,0.11
3.164,-0.24,0.11
3.167,-0.25,0.1
3.169,-0.255,0.095
3.172,-0.26,0.105
3.175,-0.245,0.115
3.178,-0.245,0.12
3.181,-0.255,0.11
3.183,-0.265,0.095
3.186,-0.265,0.09
3.189,-0.265,0.105
3.192,-0.26,0.115
3.194,-0.255,0.115
3.197,-0.25,0.11
3.2,-0.26,0.1
3.203,-0.285,0.095
3.206,-0.27,0.11
3.208,-0.265,0.105
3.211,-0.27,0.11
3.214,-0.26,0.105
3.217,-0.27,0.095
3.219,-0.275,0.09
3.222,-0.275,0.095
3.225,-0.26,0.1
3.228,-0.26,0.1
3.231,-0.265,0.1
3.233,-0.27,0.085
3.236,-0.275,0.09
3.239,-0.27,0.085
3.242,-0.275,0.105
3.244,-0.26,0.11
3.247,-0.26,0.1
3.25,-0.275,0.09
3.253,-0.28,0.095
3.256,-0.28,0.1
3.258,-0.265,0.1
3.261,-0.255,0.115
3.264,-0.25,0.1
3.267,-0.26,0.095
3.269,-0.26,0.095
3.272,-0.255,0.095
3.275,-0.24,0.12
3.278,-0.215,0.115
3.281,-0.195,0.11
3.283,-0.15,0.115
3.286,-0.04,0.125
3.289,0.31,0.155
3.292,0.79,0.285
3.294,0.88,0.63
3.297,0.48,0.825
3.3,0.095,0.625
3.303,-0.025,0.385
3.306,0.005,0.29
3.308,0.025,0.29
3.311,0.025,0.29
3.314,0,0.255
3.317,-0.035,0.23
3.319,-0.05,0.22
3.322,-0.045,0.21
3.325,-0.045,0.205
3.328,-0.04,0.17
3.331,-0.05,0.135
3.333,-0.085,0.095
3.336,-0.095,0.075
3.339,-0.11,0.06
3.342,-0.12,0.045
3.344,-0.13,0.035
3.347,-0.16,0.01
3.35,-0.215,-0.025
3.353,-0.27,-0.03
3.356,-0.315,-0.055
3.358,-0.345,-0.065
3.361,-0.4,-0.09
3.364,-0.475,-0.12
3.367,-0.57,-0.14
3.369,-0.66,-0.145
3.372,-0.72,-0.145
3.375,-0.765,-0.155
3.378,-0.82,-0.165
3.381,-0.885,-0.195
3.383,-0.945,-0.25
3.386,-0.975,-0.31
3.389,-0.985,-0.36
3.392,-1.005,-0.39
3.394,-0.99,-0.44
3.397,-1,-0.47
3.4,-1.005,-0.515
3.403,-1.015,-0.565
3.406,-1.005,-0.595
3.408,-0.99,-0.64
3.411,-0.96,-0.68
3.414,-0.93,-0.705
3.417,-0.895,-0.755
3.419,-0.84,-0.765
3.422,-0.775,-0.755
3.425,-0.705,-0.725
3.428,-0.65,-0.69
3.431,-0.59,-0.66
3.433,-0.55,-0.615
3.436,-0.51,-0.56
3.439,-0.475,-0.49
3.442,-0.43,-0.425
3.444,-0.395,-0.365
3.447,-0.375,-0.315
3.45,-0.37,-0.275
3.453,-0.375,-0.23
3.456,-0.365,-0.185
3.458,-0.345,-0.15
3.461,-0.32,-0.125
3.464,-0.3,-0.1
3.467,-0.295,-0.085
3.469,-0.3,-0.08
3.472,-0.305,-0.045
3.475,-0.295,-0.02
3.478,-0.28,-0.005
3.481,-0.275,0.01
3.483,-0.28,0.025
3.486,-0.28,0.045
3.489,-0.275,0.085
3.492,-0.245,0.12
3.494,-0.215,0.145
3.497,-0.205,0.16
3.5,-0.21,0.175
3.503,-0.225,0.175
3.506,-0.21,0.19
3.508,-0.19,0.215
3.511,-0.165,0.205
3.514,-0.16,0.2
3.517,-0.165,0.2
3.519,-0.17,0.22
3.522,-0.155,0.22
3.525,-0.16,0.22
3.528,-0.145,0.225
3.531,-0.145,0.225
3.533,-0.16,0.225
3.536,-0.155,0.22
3.539,-0.145,0.225
3.542,-0.125,0.245
3.544,-0.125,0.245
3.547,-0.12,0.25
3.55,-0.12,0.245
3.553,-0.13,0.245
3.556,-0.115,0.265
3.558,-0.105,0.265
3.561,-0.105,0.265
3.564,-0.1,0.26
3.567,-0.105,0.255
3.569,-0.11,0.265
3.572,-0.11,0.28
3.575,-0.085,0.29
3.578,-0.075,0.285
3.581,-0.09,0.285
3.583,-0.07,0.285
3.586,-0.09,0.28
3.589,-0.07,0.3
3.592,-0.065,0.315
3.594,-0.05,0.33
3.597,-0.06,0.32
3.6,-0.055,0.325
3.603,-0.055,0.335
3.606,-0.05,0.335
3.608,-0.03,0.36
3.611,-0.03,0.355
3.614,-0.015,0.36
3.617,-0.01,0.36
3.619,-0.02,0.365
3.622,-0.015,0.38
3.625,-0.005,0.4
3.628,0.005,0.395
3.631,0.005,0.395
3.633,0.005,0.4
3.636,0.005,0.405
3.639,0.01,0.415
3.642,0.025,0.435
3.644,0.045,0.44
3.647,0.04,0.435
3.65,0.035,0.425
3.653,0.045,0.44
3.656,0.035,0.45
3.658,0.05,0.465
3.661,0.045,0.455
3.664,0.06,0.455
3.667,0.055,0.45
3.669,0.03,0.445
3.672,0.04,0.46
3.675,0.045,0.47
3.678,0.06,0.45
3.681,0.055,0.455
3.683,0.03,0.44
3.686,0.025,0.435
3.689,0.025,0.435
3.692,0.03,0.445
3.694,0.025,0.43
3.697,0.005,0.42
3.7,0,0.41
3.703,-0.02,0.405
3.706,-0.015,0.415
3.708,-0.01,0.415
3.711,-0.02,0.405
3.714,-0.025,0.385
3.717,-0.05,0.355
3.719,-0.055,0.36
3.722,-0.06,0.355
3.725,-0.065,0.36
3.728,-0.07,0.35
3.731,-0.075,0.325
3.733,-0.085,0.305
3.736,-0.11,0.29
3.739,-0.11,0.3
3.742,-0.105,0.3
3.744,-0.105,0.285
3.747,-0.12,0.275
3.75,-0.135,0.245
3.753,-0.145,0.24
3.756,-0.145,0.245
3.758,-0.145,0.25
3.761,-0.13,0.235
3.764,-0.15,0.22
3.767,-0.15,0.2
3.769,-0.16,0.2
3.772,-0.17,0.205
3.775,-0.16,0.22
3.778,-0.15,0.21
3.781,-0.165,0.2
3.783,-0.165,0.195
3.786,-0.185,0.185
3.789,-0.19,0.19
3.792,-0.18,0.205
3.794,-0.185,0.215
3.797,-0.185,0.195
3.8,-0.195,0.19
3.803,-0.21,0.18
3.806,-0.215,0.205
3.808,-0.2,0.195
3.811,-0.205,0.19
3.814,-0.195,0.175
3.817,-0.21,0.17
3.819,-0.215,0.16
3.822,-0.21,0.165
3.825,-0.2,0.16
3.828,-0.19,0.155
3.831,-0.18,0.14
3.833,-0.175,0.145
3.836,-0.185,0.13
3.839,-0.2,0.13
3.842,-0.195,0.14
3.844,-0.18,0.145
3.847,-0.185,0.13
3.85,-0.185,0.13
3.853,-0.195,0.13
3.856,-0.185,0.145
3.858,-0.175,0.155
3.861,-0.165,0.145
3.864,-0.145,0.14
3.867,-0.155,0.13
3.869,-0.16,0.125
3.872,-0.15,0.14
3.875,-0.155,0.15
3.878,-0.155,0.155
3.881,-0.155,0.14
3.883,-0.19,0.125
3.886,-0.21,0.105
3.889,-0.215,0.12
3.892,-0.215,0.125
3.894,-0.21,0.115
3.897,-0.215,0.105
3.9,-0.235,0.1
3.903,-0.25,0.09
3.906,-0.255,0.09
3.908,-0.245,0.095
3.911,-0.255,0.09
3.914,-0.25,0.09
3.917,-0.26,0.075
3.919,-0.28,0.075
3.922,-0.27,0.075
3.925,-0.275,0.08
3.928,-0.27,0.075
3.931,-0.27,0.07
3.933,-0.28,0.05
3.936,-0.305,0.055
3.939,-0.285,0.065
3.942,-0.29,0.065
3.944,-0.265,0.075
3.947,-0.28,0.05
3.95,-0.295,0.05
3.953,-0.305,0.045
3.956,-0.3,0.06
3.958,-0.28,0.06
3.961,-0.29,0.055
3.964,-0.28,0.055
3.967,-0.29,0.045
3.969,-0.3,0.04
3.972,-0.295,0.045
3.975,-0.29,0.05
3.978,-0.28,0.045
3.981,-0.285,0.045
3.983,-0.295,0.04
3.986,-0.295,0.04
3.989,-0.29,0.05
3.992,-0.29,0.05
3.994,-0.28,0.055
3.997,-0.275,0.055
4,-0.29,0.035
4.003,-0.34,0.075
4.006,-0.35,0.07
4.008,-0.37,0.07
4.011,-0.345,0.08
4.014,-0.34,0.07
4.017,-0.33,0.07
4.019,-0.33,0.07
4.022,-0.34,0.05
4.025,-0.34,0.055
4.028,-0.33,0.07
4.031,-0.325,0.085
4.033,-0.32,0.08
4.036,-0.32,0.07
4.039,-0.33,0.06
4.042,-0.34,0.06
4.044,-0.32,0.075
4.047,-0.305,0.08
4.05,-0.295,0.075
4.053,-0.29,0.065
4.056,-0.3,0.065
4.058,-0.32,0.04
4.061,-0.3,0.03
4.064,-0.31,0.05
4.067,-0.31,0.05
4.069,-0.315,0.055
4.072,-0.31,0.035
4.075,-0.3,0.045
4.078,-0.235,0.005
4.081,-0.14,-0.03
4.083,0,-0.115
4.086,0.18,-0.205
4.089,0.365,-0.295
4.092,0.555,-0.355
4.094,0.755,-0.36
4.097,0.94,-0.325
4.1,1.075,-0.265
4.103,1.16,-0.215
4.106,1.21,-0.225
4.108,1.165,-0.215
4.111,1.065,-0.18
4.114,0.94,-0.135
4.117,0.835,-0.11
4.119,0.755,-0.095
4.122,0.655,-0.08
4.125,0.525,-0.045
4.128,0.36,0.025
4.131,0.22,0.055
4.133,0.135,0.07
4.136,0.07,0.055
4.139,-0.02,0.075
4.142,-0.13,0.1
4.144,-0.215,0.11
4.147,-0.275,0.145
4.15,-0.315,0.155
4.153,-0.36,0.165
4.156,-0.41,0.165
4.158,-0.445,0.16
4.161,-0.455,0.165
4.164,-0.465,0.175
4.167,-0.465,0.165
4.169,-0.47,0.155
4.172,-0.485,0.165
4.175,-0.495,0.165
4.178,-0.505,0.17
4.181,-0.5,0.17
4.183,-0.495,0.18
4.186,-0.5,0.17
4.189,-0.495,0.165
4.192,-0.5,0.175
4.194,-0.495,0.19
4.197,-0.48,0.19
4.2,-0.47,0.185
4.203,-0.475,0.165
4.206,-0.47,0.16
4.208,-0.485,0.175
4.211,-0.475,0.19
4.214,-0.465,0.195
4.217,-0.465,0.18
4.219,-0.47,0.18
4.222,-0.495,0.165
4.225,-0.495,0.175
4.228,-0.485,0.175
4.231,-0.475,0.185
4.233,-0.47,0.185
4.236,-0.48,0.175
4.239,-0.485,0.17
4.242,-0.505,0.16
4.244,-0.495,0.17
4.247,-0.475,0.17
4.25,-0.46,0.175
4.253,-0.465,0.17
4.256,-0.48,0.16
4.258,-0.485,0.17
4.261,-0.495,0.185
4.264,-0.475,0.2
4.267,-0.485,0.185
4.269,-0.485,0.18
4.272,-0.475,0.175
4.275,-0.495,0.175
4.278,-0.505,0.2
4.281,-0.49,0.21
4.283,-0.485,0.2
4.286,-0.47,0.205
4.289,-0.47,0.185
4.292,-0.47,0.19
4.294,-0.485,0.205
4.297,-0.465,0.2
4.3,-0.465,0.2
4.303,-0.465,0.2
4.306,-0.46,0.205
4.308,-0.45,0.205
4.311,-0.455,0.21
4.314,-0.43,0.21
4.317,-0.41,0.21
4.319,-0.41,0.205
4.322,-0.41,0.195
4.325,-0.405,0.205
4.328,-0.38,0.22
4.331,-0.35,0.215
4.333,-0.34,0.205
4.336,-0.33,0.19
4.339,-0.325,0.195
4.342,-0.3,0.19
4.344,-0.27,0.195
4.347,-0.245,0.215
4.35,-0.24,0.21
4.353,-0.225,0.21
4.356,-0.23,0.19
4.358,-0.23,0.19
4.361,-0.21,0.185
4.364,-0.195,0.19
4.367,-0.175,0.2
4.369,-0.175,0.18
4.372,-0.175,0.18
4.375,-0.175,0.17
4.378,-0.17,0.185
4.381,-0.155,0.195
4.383,-0.14,0.185
4.386,-0.155,0.165
4.389,-0.175,0.16
4.392,-0.19,0.155
4.394,-0.18,0.16
4.397,-0.195,0.165
4.4,-0.205,0.175
4.403,-0.2,0.175
4.406,-0.205,0.155
4.408,-0.23,0.145
4.411,-0.23,0.15
4.414,-0.225,0.165
4.417,-0.21,0.16
4.419,-0.225,0.165
4.422,-0.24,0.155
4.425,-0.245,0.165
4.428,-0.25,0.165
4.431,-0.245,0.17
4.433,-0.245,0.175
4.436,-0.245,0.175
4.439,-0.26,0.155
4.442,-0.28,0.16
4.444,-0.29,0.17
4.447,-0.28,0.18
4.45,-0.26,0.17
4.453,-0.26,0.165
4.456,-0.285,0.16
4.458,-0.295,0.16
4.461,-0.285,0.175
4.464,-0.28,0.175
4.467,-0.265,0.17
4.469,-0.27,0.165
4.472,-0.275,0.15
4.475,-0.305,0.155
4.478,-0.3,0.16
4.481,-0.295,0.15
4.483,-0.275,0.15
4.486,-0.28,0.15
4.489,-0.295,0.155
4.492,-0.3,0.145
4.494,-0.295,0.145
4.497,-0.29,0.155
4.5,-0.285,0.15
4.503,-0.29,0.145
4.506,-0.3,0.145
4.508,-0.3,0.14
4.511,-0.29,0.145
4.514,-0.285,0.15
4.517,-0.295,0.14
4.519,-0.28,0.145
4.522,-0.285,0.13
4.525,-0.295,0.135
4.528,-0.285,0.14
4.531,-0.29,0.15
4.533,-0.275,0.145
4.536,-0.285,0.14
4.539,-0.305,0.13
4.542,-0.305,0.14
4.544,-0.305,0.14
4.547,-0.285,0.135
4.55,-0.285,0.135
4.553,-0.29,0.13
4.556,-0.295,0.125
4.558,-0.305,0.125
4.561,-0.305,0.135
4.564,-0.295,0.14
4.567,-0.285,0.145
4.569,-0.28,0.14
4.572,-0.28,0.135
4.575,-0.295,0.125
4.578,-0.29,0.135
4.581,-0.285,0.14
4.583,-0.275,0.14
4.586,-0.285,0.14
4.589,-0.28,0.125
4.592,-0.295,0.125
4.594,-0.29,0.13
4.597,-0.29,0.135
4.6,-0.285,0.125
4.603,-0.28,0.12
4.606,-0.29,0.12
4.608,-0.3,0.12
4.611,-0.275,0.125
4.614,-0.275,0.145
4.617,-0.275,0.13
4.619,-0.275,0.13
4.622,-0.29,0.14
4.625,-0.285,0.15
4.628,-0.27,0.165
4.631,-0.265,0.19
4.633,-0.245,0.19
4.636,-0.23,0.205
4.639,-0.22,0.205
4.642,-0.22,0.195
4.644,-0.21,0.2
4.647,-0.18,0.2
4.65,-0.18,0.2
4.653,-0.19,0.2
4.656,-0.19,0.17
4.658,-0.19,0.155
4.661,-0.15,0.165
4.664,-0.125,0.16
4.667,-0.105,0.16
4.669,-0.095,0.14
4.672,-0.09,0.145
4.675,-0.09,0.135
4.678,-0.075,0.135
4.681,-0.06,0.135
4.683,-0.065,0.13
4.686,-0.08,0.13
4.689,-0.095,0.125
4.692,-0.11,0.115
4.694,-0.105,0.12
4.697,-0.1,0.13
4.7,-0.1,0.115
4.703,-0.125,0.11
4.706,-0.17,0.095
4.708,-0.225,0.1
4.711,-0.27,0.105
4.714,-0.295,0.105
4.717,-0.305,0.1
4.719,-0.325,0.09
4.722,-0.345,0.08
4.725,-0.34,0.085
4.728,-0.335,0.085
4.731,-0.325,0.09
4.733,-0.32,0.09
4.736,-0.33,0.08
4.739,-0.34,0.075
4.742,-0.35,0.07
4.744,-0.34,0.09
4.747,-0.32,0.105
4.75,-0.32,0.09
4.753,-0.32,0.095
4.756,-0.32,0.075
4.758,-0.325,0.08
4.761,-0.325,0.085
4.764,-0.32,0.095
4.767,-0.3,0.09
4.769,-0.295,0.08
4.772,-0.305,0.065
4.775,-0.31,0.07
4.778,-0.31,0.075
4.781,-0.305,0.085
4.783,-0.29,0.075
4.786,-0.28,0.06
4.789,-0.305,0.035
4.792,-0.31,0.035
4.794,-0.315,0.06
4.797,-0.325,0.065
4.8,-0.31,0.06
4.803,-0.3,0.035
4.806,-0.255,-0.005
4.808,-0.18,-0.05
4.811,-0.045,-0.1
4.814,0.135,-0.175
4.817,0.32,-0.27
4.819,0.495,-0.345
4.822,0.675,-0.385
4.825,0.855,-0.38
4.828,1.015,-0.315
4.831,1.135,-0.25
4.833,1.2,-0.23
4.836,1.205,-0.23
4.839,1.1,-0.21
4.842,0.95,-0.165
4.844,0.82,-0.13
4.847,0.745,-0.095
4.85,0.66,-0.09
4.853,0.52,-0.055
4.856,0.355,-0.03
4.858,0.24,0
4.861,0.155,0.025
4.864,0.14,0.045
4.867,0.08,0.055
4.869,-0.02,0.075
4.872,-0.125,0.105
4.875,-0.22,0.11
4.878,-0.29,0.135
4.881,-0.325,0.155
4.883,-0.355,0.165
4.886,-0.395,0.18
4.889,-0.435,0.165
4.892,-0.455,0.16
4.894,-0.46,0.18
4.897,-0.475,0.18
4.9,-0.48,0.17
4.903,-0.495,0.17
4.906,-0.5,0.145
4.908,-0.51,0.16
4.911,-0.5,0.175
4.914,-0.485,0.18
4.917,-0.475,0.175
4.919,-0.48,0.17
4.922,-0.495,0.17
4.925,-0.49,0.165
4.928,-0.485,0.17
4.931,-0.475,0.175
4.933,-0.445,0.18
4.936,-0.46,0.17
4.939,-0.485,0.165
4.942,-0.495,0.175
4.944,-0.49,0.18
4.947,-0.48,0.175
4.95,-0.465,0.17
4.953,-0.465,0.18
4.956,-0.47,0.17
4.958,-0.48,0.17
4.961,-0.475,0.17
4.964,-0.46,0.195
4.967,-0.47,0.185
4.969,-0.46,0.18
4.972,-0.47,0.175
4.975,-0.47,0.17
4.978,-0.48,0.185
4.981,-0.485,0.19
4.983,-0.475,0.18
4.986,-0.475,0.18
4.989,-0.49,0.17
4.992,-0.51,0.165
4.994,-0.51,0.18
4.997,-0.51,0.195
5,-0.495,0.19
5.003,-0.57,-0.03
5.006,-0.575,-0.03
5.008,-0.575,-0.04
5.011,-0.56,-0.03
5.014,-0.54,-0.045
5.017,-0.525,-0.065
5.019,-0.505,-0.115
5.022,-0.485,-0.225
5.025,-0.47,-0.5
5.028,-0.425,-0.875
5.031,-0.315,-0.945
5.033,-0.075,-0.665
5.036,0.41,-0.38
5.039,1.025,-0.255
5.042,1.445,-0.195
5.044,1.46,-0.17
5.047,1.28,-0.16
5.05,1.115,-0.13
5.053,1.075,-0.135
5.056,1.035,-0.145
5.058,1,-0.14
5.061,0.93,-0.16
5.064,0.845,-0.18
5.067,0.745,-0.25
5.069,0.64,-0.33
5.072,0.54,-0.395
5.075,0.445,-0.435
5.078,0.375,-0.465
5.081,0.285,-0.485
5.083,0.135,-0.525
5.086,-0.04,-0.59
5.089,-0.23,-0.645
5.092,-0.45,-0.695
5.094,-0.655,-0.76
5.097,-0.86,-0.84
5.1,-1.105,-0.9
5.103,-1.37,-0.96
5.106,-1.605,-0.985
5.108,-1.81,-1.055
5.111,-1.98,-1.16
5.114,-2.13,-1.285
5.117,-2.255,-1.43
5.119,-2.32,-1.565
5.122,-2.39,-1.655
5.125,-2.44,-1.725
5.128,-2.45,-1.795
5.131,-2.5,-1.865
5.133,-2.61,-1.955
5.136,-2.71,-2.035
5.139,-2.79,-2.13
5.142,-2.865,-2.24
5.144,-2.91,-2.34
5.147,-2.945,-2.375
5.15,-2.96,-2.305
5.153,-2.95,-2.175
5.156,-2.87,-2.015
5.158,-2.695,-1.86
5.161,-2.49,-1.67
5.164,-2.305,-1.51
5.167,-2.135,-1.35
5.169,-1.98,-1.23
5.172,-1.85,-1.125
5.175,-1.735,-0.975
5.178,-1.625,-0.835
5.181,-1.515,-0.7
5.183,-1.425,-0.61
5.186,-1.355,-0.52
5.189,-1.29,-0.455
5.192,-1.22,-0.37
5.194,-1.18,-0.275
5.197,-1.145,-0.245
5.2,-1.135,-0.205
5.203,-1.115,-0.17
5.206,-1.085,-0.12
5.208,-1.05,-0.07
5.211,-0.955,-0.05
5.214,-0.89,-0.005
5.217,-0.81,0.03
5.219,-0.755,0.05
5.222,-0.7,0.065
5.225,-0.64,0.105
5.228,-0.54,0.15
5.231,-0.45,0.17
5.233,-0.38,0.185
5.236,-0.335,0.18
5.239,-0.28,0.2
5.242,-0.23,0.215
5.244,-0.17,0.23
5.247,-0.09,0.24
5.25,-0.045,0.25
5.253,-0.02,0.25
5.256,-0.01,0.25
5.258,0.01,0.275
5.261,0.03,0.29
5.264,0.065,0.305
5.267,0.075,0.32
5.269,0.095,0.315
5.272,0.11,0.315
5.275,0.125,0.34
5.278,0.16,0.365
5.281,0.175,0.38
5.283,0.195,0.38
5.286,0.205,0.385
5.289,0.225,0.385
5.292,0.24,0.41
5.294,0.265,0.44
5.297,0.29,0.45
5.3,0.325,0.45
5.303,0.355,0.46
5.306,0.39,0.47
5.308,0.415,0.49
5.311,0.465,0.515
5.314,0.475,0.535
5.317,0.51,0.54
5.319,0.535,0.545
5.322,0.57,0.55
5.325,0.6,0.575
5.328,0.645,0.6
5.331,0.695,0.61
5.333,0.72,0.625
5.336,0.75,0.63
5.339,0.77,0.63
5.342,0.8,0.65
5.344,0.865,0.66
5.347,0.895,0.68
5.35,0.915,0.69
5.353,0.94,0.68
5.356,0.94,0.68
5.358,0.965,0.695
5.361,0.99,0.715
5.364,1.01,0.71
5.367,1.02,0.705
5.369,1.02,0.695
5.372,1.01,0.68
5.375,1.015,0.68
5.378,1.025,0.69
5.381,1.035,0.675
5.383,1.02,0.665
5.386,1,0.64
5.389,0.975,0.615
5.392,0.945,0.615
5.394,0.915,0.6
5.397,0.89,0.58
5.4,0.855,0.555
5.403,0.83,0.515
5.406,0.785,0.48
5.408,0.75,0.465
5.411,0.725,0.44
5.414,0.68,0.425
5.417,0.635,0.385
5.419,0.59,0.335
5.422,0.545,0.315
5.425,0.485,0.295
5.428,0.455,0.285
5.431,0.42,0.255
5.433,0.375,0.22
5.436,0.32,0.18
5.439,0.27,0.155
5.442,0.21,0.14
5.444,0.17,0.12
5.447,0.145,0.105
5.45,0.09,0.09
5.453,0.045,0.055
5.456,-0.005,0.045
5.458,-0.05,0.045
5.461,-0.08,0.03
5.464,-0.115,0.03
5.467,-0.165,0.015
5.469,-0.22,-0.02
5.472,-0.275,-0.02
5.475,-0.3,-0.01
5.478,-0.32,-0.03
5.481,-0.34,-0.035
5.483,-0.35,-0.03
5.486,-0.37,-0.03
5.489,-0.385,-0.04
5.492,-0.42,-0.035
5.494,-0.44,-0.025
5.497,-0.425,-0.035
5.5,-0.42,-0.03
5.503,-0.405,-0.05
5.506,-0.415,-0.06
5.508,-0.445,-0.04
5.511,-0.465,-0.035
5.514,-0.455,-0.03
5.517,-0.465,-0.04
5.519,-0.485,-0.055
5.522,-0.495,-0.055
5.525,-0.505,-0.045
5.528,-0.495,-0.03
5.531,-0.49,-0.02
5.533,-0.525,-0.025
5.536,-0.53,-0.04
5.539,-0.545,-0.05
5.542,-0.545,-0.04
5.544,-0.515,-0.035
5.547,-0.485,-0.025
5.55,-0.49,-0.025
5.553,-0.5,-0.03
5.556,-0.505,-0.03
5.558,-0.51,-0.015
5.561,-0.5,-0.03
5.564,-0.505,-0.015
5.567,-0.54,-0.03
5.569,-0.55,-0.02
5.572,-0.52,-0.025
5.575,-0.495,-0.02
5.578,-0.495,-0.015
5.581,-0.51,-0.01
5.583,-0.505,0
5.586,-0.485,-0.02
5.589,-0.49,-0.025
5.592,-0.495,-0.025
5.594,-0.49,-0.01
5.597,-0.48,0
5.6,-0.48,-0.01
5.603,-0.495,-0.03
5.606,-0.505,-0.04
5.608,-0.505,-0.035
5.611,-0.49,0
5.614,-0.48,-0.015
5.617,-0.485,-0.03
5.619,-0.48,-0.04
5.622,-0.49,-0.04
5.625,-0.475,-0.04
5.628,-0.465,-0.03
5.631,-0.455,-0.035
5.633,-0.455,-0.045
5.636,-0.465,-0.055
5.639,-0.49,-0.06
5.642,-0.49,-0.055
5.644,-0.495,-0.06
5.647,-0.45,-0.055
5.65,-0.445,-0.055
5.653,-0.44,-0.06
5.656,-0.455,-0.09
5.658,-0.47,-0.065
5.661,-0.47,-0.075
5.664,-0.485,-0.06
5.667,-0.48,-0.075
5.669,-0.49,-0.075
5.672,-0.495,-0.085
5.675,-0.485,-0.075
5.678,-0.475,-0.08
5.681,-0.47,-0.075
5.683,-0.485,-0.09
5.686,-0.495,-0.09
5.689,-0.5,-0.11
5.692,-0.505,-0.1
5.694,-0.49,-0.09
5.697,-0.485,-0.09
5.7,-0.49,-0.1
5.703,-0.495,-0.105
5.706,-0.495,-0.11
5.708,-0.495,-0.105
5.711,-0.49,-0.09
5.714,-0.485,-0.1
5.717,-0.495,-0.1
5.719,-0.505,-0.105
5.722,-0.52,-0.095
5.725,-0.51,-0.08
5.728,-0.5,-0.04
5.731,-0.475,-0.01
5.733,-0.485,0.005
5.736,-0.455,0.02
5.739,-0.46,0.03
5.742,-0.435,0.045
5.744,-0.41,0.06
5.747,-0.395,0.08
5.75,-0.37,0.085
5.753,-0.315,0.1
5.756,-0.27,0.105
5.758,-0.245,0.1
5.761,-0.205,0.09
5.764,-0.185,0.045
5.767,-0.19,-0.005
5.769,-0.195,-0.045
5.772,-0.185,-0.07
5.775,-0.17,-0.08
5.778,-0.13,-0.085
5.781,-0.08,-0.095
5.783,-0.09,-0.125
5.786,-0.11,-0.14
5.789,-0.135,-0.155
5.792,-0.16,-0.155
5.794,-0.165,-0.165
5.797,-0.17,-0.18
5.8,-0.175,-0.175
5.803,-0.18,-0.16
5.806,-0.195,-0.165
5.808,-0.19,-0.175
5.811,-0.195,-0.16
5.814,-0.215,-0.17
5.817,-0.23,-0.175
5.819,-0.23,-0.19
5.822,-0.255,-0.2
5.825,-0.28,-0.195
5.828,-0.295,-0.175
5.831,-0.31,-0.18
5.833,-0.33,-0.17
5.836,-0.365,-0.165
5.839,-0.395,-0.18
5.842,-0.415,-0.175
5.844,-0.425,-0.2
5.847,-0.425,-0.215
5.85,-0.435,-0.26
5.853,-0.43,-0.355
5.856,-0.43,-0.635
5.858,-0.4,-1.015
5.861,-0.275,-1.155
5.864,0.02,-0.925
5.867,0.54,-0.64
5.869,1.175,-0.53
5.872,1.545,-0.53
5.875,1.46,-0.525
5.878,1.21,-0.49
5.881,1.045,-0.48
5.883,0.98,-0.49
5.886,0.905,-0.52
5.889,0.8,-0.545
5.892,0.695,-0.545
5.894,0.59,-0.565
5.897,0.485,-0.585
5.9,0.35,-0.605
5.903,0.235,-0.635
5.906,0.125,-0.675
5.908,0.015,-0.675
5.911,-0.125,-0.665
5.914,-0.28,-0.7
5.917,-0.455,-0.74
5.919,-0.595,-0.815
5.922,-0.735,-0.89
5.925,-0.88,-0.955
5.928,-1.015,-1.01
5.931,-1.16,-1.055
5.933,-1.355,-1.115
5.936,-1.58,-1.2
5.939,-1.795,-1.28
5.942,-1.975,-1.38
5.944,-2.135,-1.53
5.947,-2.255,-1.67
5.95,-2.3,-1.79
5.953,-2.34,-1.895
5.956,-2.375,-1.97
5.958,-2.395,-2.035
5.961,-2.42,-2.13
5.964,-2.47,-2.215
5.967,-2.565,-2.305
5.969,-2.65,-2.39
5.972,-2.725,-2.465
5.975,-2.77,-2.525
5.978,-2.815,-2.565
5.981,-2.855,-2.53
5.983,-2.875,-2.395
5.986,-2.835,-2.24
5.989,-2.735,-2.07
5.992,-2.54,-1.9
5.994,-2.32,-1.72
5.997,-2.115,-1.535
6,-1.92,-1.38
6.003,-0.315,0.17
6.006,-0.32,0.15
6.008,-0.325,0.145
6.011,-0.32,0.16
6.014,-0.315,0.165
6.017,-0.315,0.16
6.019,-0.31,0.16
6.022,-0.33,0.145
6.025,-0.335,0.15
6.028,-0.315,0.15
6.031,-0.32,0.15
6.033,-0.31,0.135
6.036,-0.31,0.15
6.039,-0.325,0.135
6.042,-0.335,0.12
6.044,-0.325,0.145
6.047,-0.31,0.155
6.05,-0.305,0.14
6.053,-0.3,0.14
6.056,-0.315,0.12
6.058,-0.32,0.115
6.061,-0.31,0.13
6.064,-0.305,0.145
6.067,-0.29,0.14
6.069,-0.3,0.14
6.072,-0.315,0.14
6.075,-0.31,0.12
6.078,-0.315,0.12
6.081,-0.305,0.145
6.083,-0.305,0.135
6.086,-0.31,0.13
6.089,-0.315,0.125
6.092,-0.315,0.115
6.094,-0.31,0.12
6.097,-0.3,0.14
6.1,-0.29,0.135
6.103,-0.31,0.135
6.106,-0.315,0.12
6.108,-0.33,0.125
6.111,-0.315,0.14
6.114,-0.295,0.15
6.117,-0.295,0.15
6.119,-0.3,0.15
6.122,-0.3,0.135
6.125,-0.315,0.135
6.128,-0.3,0.135
6.131,-0.29,0.15
6.133,-0.285,0.15
6.136,-0.285,0.15
6.139,-0.295,0.14
6.142,-0.305,0.14
6.144,-0.31,0.155
6.147,-0.295,0.18
6.15,-0.28,0.195
6.153,-0.27,0.205
6.156,-0.255,0.21
6.158,-0.25,0.22
6.161,-0.22,0.23
6.164,-0.205,0.235
6.167,-0.19,0.235
6.169,-0.195,0.225
6.172,-0.21,0.22
6.175,-0.22,0.195
6.178,-0.195,0.18
6.181,-0.175,0.185
6.183,-0.16,0.16
6.186,-0.155,0.165
6.189,-0.15,0.16
6.192,-0.145,0.17
6.194,-0.13,0.165
6.197,-0.11,0.17
6.2,-0.095,0.155
6.203,-0.11,0.145
6.206,-0.105,0.135
6.208,-0.125,0.135
6.211,-0.135,0.155
6.214,-0.13,0.16
6.217,-0.125,0.155
6.219,-0.14,0.13
6.222,-0.155,0.11
6.225,-0.2,0.105
6.228,-0.24,0.12
6.231,-0.275,0.145
6.233,-0.3,0.125
6.236,-0.32,0.12
6.239,-0.345,0.11
6.242,-0.38,0.105
6.244,-0.385,0.12
6.247,-0.37,0.12
6.25,-0.355,0.11
6.253,-0.365,0.085
6.256,-0.375,0.09
6.258,-0.38,0.1
6.261,-0.365,0.125
6.264,-0.355,0.135
6.267,-0.355,0.125
6.269,-0.36,0.115
6.272,-0.36,0.105
6.275,-0.37,0.11
6.278,-0.355,0.115
6.281,-0.345,0.12
6.283,-0.345,0.11
6.286,-0.335,0.095
6.289,-0.34,0.105
6.292,-0.34,0.105
6.294,-0.34,0.105
6.297,-0.325,0.105
6.3,-0.315,0.095
6.303,-0.32,0.085
6.306,-0.335,0.07
6.308,-0.345,0.055
6.311,-0.325,0.08
6.314,-0.345,0.075
6.317,-0.325,0.06
6.319,-0.315,0.025
6.322,-0.285,-0.02
6.325,-0.185,-0.09
6.328,-0.025,-0.17
6.331,0.165,-0.255
6.333,0.375,-0.36
6.336,0.595,-0.405
6.339,0.76,-0.415
6.342,0.945,-0.375
6.344,1.09,-0.31
6.347,1.2,-0.255
6.35,1.28,-0.22
6.353,1.255,-0.22
6.356,1.145,-0.21
6.358,0.995,-0.165
6.361,0.85,-0.11
6.364,0.73,-0.075
6.367,0.625,-0.035
6.369,0.47,0.015
6.372,0.305,0.05
6.375,0.175,0.065
6.378,0.1,0.095
6.381,0.035,0.12
6.383,-0.06,0.12
6.386,-0.145,0.125
6.389,-0.235,0.135
6.392,-0.29,0.15
6.394,-0.335,0.17
6.397,-0.385,0.19
6.4,-0.435,0.2
6.403,-0.46,0.19
6.406,-0.49,0.19
6.408,-0.495,0.185
6.411,-0.51,0.195
6.414,-0.525,0.205
6.417,-0.535,0.205
6.419,-0.54,0.205
6.422,-0.535,0.185
6.425,-0.555,0.195
6.428,-0.56,0.2
6.431,-0.53,0.21
6.433,-0.52,0.21
6.436,-0.52,0.195
6.439,-0.525,0.195
6.442,-0.54,0.195
6.444,-0.53,0.21
6.447,-0.525,0.21
6.45,-0.52,0.21
6.453,-0.52,0.205
6.456,-0.515,0.195
6.458,-0.525,0.19
6.461,-0.515,0.2
6.464,-0.5,0.22
6.467,-0.5,0.225
6.469,-0.505,0.22
6.472,-0.51,0.205
6.475,-0.53,0.21
6.478,-0.53,0.21
6.481,-0.51,0.22
6.483,-0.51,0.23
6.486,-0.505,0.215
6.489,-0.505,0.215
6.492,-0.51,0.22
6.494,-0.53,0.225
6.497,-0.51,0.23
6.5,-0.5,0.23
6.503,-0.505,0.22
6.506,-0.515,0.22
6.508,-0.525,0.2
6.511,-0.52,0.235
6.514,-0.5,0.24
6.517,-0.495,0.235
6.519,-0.495,0.235
6.522,-0.515,0.23
6.525,-0.52,0.22
6.528,-0.525,0.24
6.531,-0.51,0.265
6.533,-0.51,0.255
6.536,-0.51,0.245
6.539,-0.5,0.22
6.542,-0.5,0.23
6.544,-0.49,0.245
6.547,-0.48,0.25
6.55,-0.485,0.245
6.553,-0.47,0.23
6.556,-0.46,0.245
6.558,-0.465,0.235
6.561,-0.45,0.25
6.564,-0.435,0.26
6.567,-0.42,0.26
6.569,-0.415,0.245
6.572,-0.41,0.23
6.575,-0.41,0.23
6.578,-0.4,0.25
6.581,-0.36,0.26
6.583,-0.34,0.25
6.586,-0.33,0.245
6.589,-0.31,0.24
6.592,-0.31,0.235
6.594,-0.3,0.255
6.597,-0.275,0.255
6.6,-0.255,0.25
6.603,-0.235,0.26
6.606,-0.23,0.245
6.608,-0.235,0.24
6.611,-0.21,0.24
6.614,-0.19,0.24
6.617,-0.175,0.22
6.619,-0.16,0.215
6.622,-0.16,0.21
6.625,-0.16,0.21
6.628,-0.165,0.215
6.631,-0.17,0.23
6.633,-0.18,0.225
6.636,-0.175,0.21
6.639,-0.185,0.195
6.642,-0.205,0.18
6.644,-0.205,0.18
6.647,-0.2,0.19
6.65,-0.21,0.185
6.653,-0.22,0.19
6.656,-0.225,0.165
6.658,-0.25,0.175
6.661,-0.25,0.19
6.664,-0.25,0.19
6.667,-0.26,0.19
6.669,-0.26,0.18
6.672,-0.27,0.18
6.675,-0.295,0.175
6.678,-0.285,0.185
6.681,-0.26,0.195
6.683,-0.26,0.19
6.686,-0.27,0.18
6.689,-0.275,0.18
6.692,-0.305,0.165
6.694,-0.3,0.18
6.697,-0.295,0.19
6.7,-0.295,0.205
6.703,-0.29,0.185
6.706,-0.285,0.18
6.708,-0.3,0.18
6.711,-0.305,0.18
6.714,-0.3,0.185
6.717,-0.295,0.19
6.719,-0.3,0.175
6.722,-0.31,0.185
6.725,-0.315,0.175
6.728,-0.315,0.18
6.731,-0.305,0.185
6.733,-0.3,0.185
6.736,-0.305,0.185
6.739,-0.3,0.17
6.742,-0.32,0.175
6.744,-0.32,0.18
6.747,-0.315,0.18
6.75,-0.32,0.19
6.753,-0.325,0.175
6.756,-0.32,0.155
6.758,-0.33,0.15
6.761,-0.33,0.16
6.764,-0.32,0.175
6.767,-0.305,0.17
6.769,-0.31,0.165
6.772,-0.315,0.16
6.775,-0.32,0.145
6.778,-0.315,0.155
6.781,-0.305,0.165
6.783,-0.3,0.16
6.786,-0.305,0.15
6.789,-0.305,0.135
6.792,-0.33,0.13
6.794,-0.32,0.145
6.797,-0.305,0.165
6.8,-0.3,0.155
6.803,-0.305,0.15
6.806,-0.295,0.145
6.808,-0.3,0.13
6.811,-0.325,0.145
6.814,-0.305,0.145
6.817,-0.29,0.145
6.819,-0.295,0.145
6.822,-0.3,0.135
6.825,-0.315,0.135
6.828,-0.32,0.145
6.831,-0.31,0.15
6.833,-0.305,0.15
6.836,-0.3,0.145
6.839,-0.31,0.125
6.842,-0.32,0.13
6.844,-0.31,0.135
6.847,-0.305,0.155
6.85,-0.295,0.155
6.853,-0.295,0.13
6.856,-0.31,0.13
6.858,-0.315,0.13
6.861,-0.32,0.135
6.864,-0.31,0.15
6.867,-0.31,0.15
6.869,-0.305,0.16
6.872,-0.31,0.16
6.875,-0.305,0.155
6.878,-0.305,0.185
6.881,-0.29,0.215
6.883,-0.26,0.22
6.886,-0.25,0.215
6.889,-0.24,0.21
6.892,-0.25,0.21
6.894,-0.235,0.195
6.897,-0.22,0.205
6.9,-0.21,0.2
6.903,-0.225,0.2
6.906,-0.22,0.185
6.908,-0.225,0.17
6.911,-0.18,0.175
6.914,-0.16,0.17
6.917,-0.145,0.175
6.919,-0.125,0.175
6.922,-0.135,0.155
6.925,-0.125,0.15
6.928,-0.11,0.15
6.931,-0.105,0.13
6.933,-0.11,0.135
6.936,-0.115,0.135
6.939,-0.135,0.14
6.942,-0.155,0.135
6.944,-0.155,0.135
6.947,-0.17,0.145
6.95,-0.175,0.135
6.953,-0.195,0.12
6.956,-0.235,0.11
6.958,-0.28,0.09
6.961,-0.325,0.11
6.964,-0.33,0.115
6.967,-0.345,0.11
6.969,-0.36,0.115
6.972,-0.375,0.085
6.975,-0.38,0.08
6.978,-0.375,0.085
6.981,-0.38,0.115
6.983,-0.38,0.11
6.986,-0.38,0.1
6.989,-0.39,0.09
6.992,-0.375,0.09
6.994,-0.355,0.105
6.997,-0.355,0.12
7,-0.35,0.1
